﻿[
  {
    "name": "Lydia Clarke",
    "familyName": "Rich"
  },
  {
    "name": "Sosa Curtis",
    "familyName": "Hodge"
  },
  {
    "name": "Blankenship Cortez",
    "familyName": "Burks"
  },
  {
    "name": "Maricela Hull",
    "familyName": "Donovan"
  },
  {
    "name": "Janis Fischer",
    "familyName": "Cantu"
  },
  {
    "name": "Nichols Melendez",
    "familyName": "Mayer"
  },
  {
    "name": "Leanne Burris",
    "familyName": "Goodman"
  },
  {
    "name": "Denise Ayers",
    "familyName": "Schultz"
  },
  {
    "name": "Suarez Mcknight",
    "familyName": "Cooley"
  },
  {
    "name": "Caroline Wyatt",
    "familyName": "Franco"
  },
  {
    "name": "Dillon Macias",
    "familyName": "Hodges"
  },
  {
    "name": "Avis Paul",
    "familyName": "Carter"
  },
  {
    "name": "Patrice Arnold",
    "familyName": "Long"
  },
  {
    "name": "Jeanie Bird",
    "familyName": "Hicks"
  },
  {
    "name": "Hester Bender",
    "familyName": "Browning"
  },
  {
    "name": "Gibson Tyson",
    "familyName": "Noel"
  },
  {
    "name": "Kris Newton",
    "familyName": "Sanchez"
  },
  {
    "name": "Linda Small",
    "familyName": "Herrera"
  },
  {
    "name": "May Heath",
    "familyName": "Cobb"
  },
  {
    "name": "Elinor Best",
    "familyName": "Stephenson"
  },
  {
    "name": "Mcclain Guerra",
    "familyName": "Dawson"
  },
  {
    "name": "Victoria Humphrey",
    "familyName": "Wells"
  },
  {
    "name": "Maura Soto",
    "familyName": "Howell"
  },
  {
    "name": "Swanson Leblanc",
    "familyName": "Mcintyre"
  },
  {
    "name": "Susan Delacruz",
    "familyName": "Collier"
  },
  {
    "name": "Janette Rios",
    "familyName": "Beck"
  },
  {
    "name": "Gloria Salazar",
    "familyName": "Garza"
  },
  {
    "name": "Maryanne Whitaker",
    "familyName": "Travis"
  },
  {
    "name": "Lou Hammond",
    "familyName": "Hubbard"
  },
  {
    "name": "Patti Robertson",
    "familyName": "Solis"
  },
  {
    "name": "Avery Ramirez",
    "familyName": "Farley"
  }
]